{"cameraMode":{"drawMode":0,"name":"Shaded","section":"Shading Mode"},"sceneLighting":false,"audioPlay":false,"sceneViewState":{"showFog":true,"showMaterialUpdate":false,"showSkybox":false,"showFlares":true,"showImageEffects":true,"showParticleSystems":true},"in2DMode":false,"pivot":{"x":282.2907409667969,"y":126.23922729492188,"z":392.1422424316406},"rotation":{"x":0.015298830345273018,"y":-0.008398974314332009,"z":0.00012848389451391995,"w":0.9998481869697571},"size":1073.2991943359375,"orthographic":false}