{"cameraMode":{"drawMode":0,"name":"Shaded","section":"Shading Mode"},"sceneLighting":true,"audioPlay":false,"sceneViewState":{"showFog":true,"showMaterialUpdate":false,"showSkybox":false,"showFlares":true,"showImageEffects":true,"showParticleSystems":true},"in2DMode":false,"pivot":{"x":-0.5532369613647461,"y":1.0,"z":-2.234365224838257},"rotation":{"x":-0.10948629677295685,"y":-0.8041523694992065,"z":0.15629011392593385,"w":-0.5629885792732239},"size":40.010372161865237,"orthographic":false}