{"cameraMode":{"drawMode":0,"name":"Shaded","section":"Shading Mode"},"sceneLighting":true,"audioPlay":false,"sceneViewState":{"showFog":true,"showMaterialUpdate":false,"showSkybox":true,"showFlares":true,"showImageEffects":true,"showParticleSystems":true},"in2DMode":false,"pivot":{"x":304.35345458984377,"y":180.47076416015626,"z":-87.51496887207031},"rotation":{"x":-0.011999665759503842,"y":-0.0029997732490301134,"z":-0.00003598644252633676,"w":0.9999234676361084},"size":534.422119140625,"orthographic":false}