{"cameraMode":{"drawMode":0,"name":"Shaded","section":"Shading Mode"},"sceneLighting":false,"audioPlay":false,"sceneViewState":{"showFog":true,"showMaterialUpdate":false,"showSkybox":false,"showFlares":true,"showImageEffects":true,"showParticleSystems":true},"in2DMode":false,"pivot":{"x":-0.36140555143356326,"y":-0.7784456014633179,"z":-0.2799650728702545},"rotation":{"x":0.8255700469017029,"y":0.05681094154715538,"z":-0.08450140804052353,"w":0.5550369620323181},"size":1.5941572189331055,"orthographic":false}