{"cameraMode":{"drawMode":0,"name":"Shaded","section":"Shading Mode"},"sceneLighting":false,"audioPlay":false,"sceneViewState":{"showFog":true,"showMaterialUpdate":false,"showSkybox":false,"showFlares":true,"showImageEffects":true,"showParticleSystems":true},"in2DMode":false,"pivot":{"x":-0.1027688980102539,"y":0.16022895276546479,"z":1.4421457052230836},"rotation":{"x":0.08230318129062653,"y":0.6128435134887695,"z":-0.06442948430776596,"w":0.7833117842674255},"size":0.9412967562675476,"orthographic":false}