{"cameraMode":{"drawMode":0,"name":"Shaded","section":"Shading Mode"},"sceneLighting":false,"audioPlay":false,"sceneViewState":{"showFog":true,"showMaterialUpdate":false,"showSkybox":false,"showFlares":true,"showImageEffects":true,"showParticleSystems":true},"in2DMode":false,"pivot":{"x":0.1363455057144165,"y":1.4841678142547608,"z":0.1775084137916565},"rotation":{"x":0.12109062075614929,"y":0.7814306616783142,"z":-0.1602330058813095,"w":0.5908514857292175},"size":1.3993022441864014,"orthographic":false}