{"cameraMode":{"drawMode":0,"name":"Shaded","section":"Shading Mode"},"sceneLighting":false,"audioPlay":false,"sceneViewState":{"showFog":true,"showMaterialUpdate":false,"showSkybox":false,"showFlares":true,"showImageEffects":true,"showParticleSystems":true},"in2DMode":false,"pivot":{"x":0.2639999985694885,"y":-0.24813809990882874,"z":0.9542604088783264},"rotation":{"x":0.1342732161283493,"y":0.8604812622070313,"z":-0.39487212896347048,"w":0.29273614287376406},"size":1.5941575765609742,"orthographic":false}