{"cameraMode":{"drawMode":0,"name":"Shaded","section":"Shading Mode"},"sceneLighting":false,"audioPlay":false,"sceneViewState":{"showFog":true,"showMaterialUpdate":false,"showSkybox":false,"showFlares":true,"showImageEffects":true,"showParticleSystems":true},"in2DMode":false,"pivot":{"x":26.833419799804689,"y":29.226654052734376,"z":0.0},"rotation":{"x":0.09167057275772095,"y":0.003584785619750619,"z":-0.0003300289099570364,"w":0.9957832098007202},"size":35.19782257080078,"orthographic":false}