{"cameraMode":{"drawMode":0,"name":"Shaded","section":"Shading Mode"},"sceneLighting":true,"audioPlay":false,"sceneViewState":{"showFog":true,"showMaterialUpdate":false,"showSkybox":true,"showFlares":true,"showImageEffects":true,"showParticleSystems":true},"in2DMode":false,"pivot":{"x":5.7566680908203129,"y":-2.4101972579956056,"z":-13.055188179016114},"rotation":{"x":-0.10948629677295685,"y":-0.8041523694992065,"z":0.15629011392593385,"w":-0.5629885792732239},"size":22.0,"orthographic":false}