{"cameraMode":{"drawMode":0,"name":"Shaded","section":"Shading Mode"},"sceneLighting":false,"audioPlay":false,"sceneViewState":{"showFog":true,"showMaterialUpdate":false,"showSkybox":false,"showFlares":true,"showImageEffects":true,"showParticleSystems":true},"in2DMode":false,"pivot":{"x":416.25262451171877,"y":250.74717712402345,"z":28.42005729675293},"rotation":{"x":0.008233861066401005,"y":0.9880713224411011,"z":-0.1429840475320816,"w":0.0572737492620945},"size":54.848541259765628,"orthographic":false}