{"cameraMode":{"drawMode":0,"name":"Shaded","section":"Shading Mode"},"sceneLighting":false,"audioPlay":false,"sceneViewState":{"showFog":true,"showMaterialUpdate":false,"showSkybox":false,"showFlares":true,"showImageEffects":true,"showParticleSystems":true},"in2DMode":false,"pivot":{"x":0.12596651911735536,"y":0.5517185926437378,"z":0.28424322605133059},"rotation":{"x":-0.03144451603293419,"y":-0.06024348363280296,"z":0.0019535482861101629,"w":-0.9977137446403503},"size":5.899302959442139,"orthographic":false}