{"cameraMode":{"drawMode":0,"name":"Shaded","section":"Shading Mode"},"sceneLighting":true,"audioPlay":false,"sceneViewState":{"showFog":true,"showMaterialUpdate":false,"showSkybox":true,"showFlares":true,"showImageEffects":true,"showParticleSystems":true},"in2DMode":false,"pivot":{"x":0.6067178845405579,"y":-4.3855109214782719,"z":6.4645843505859379},"rotation":{"x":0.3637717068195343,"y":-0.0011060888646170498,"z":0.00043841812293976545,"w":0.9315007328987122},"size":10.0,"orthographic":false}