{"cameraMode":{"drawMode":0,"name":"Shaded","section":"Shading Mode"},"sceneLighting":true,"audioPlay":false,"sceneViewState":{"showFog":true,"showMaterialUpdate":false,"showSkybox":true,"showFlares":true,"showImageEffects":true,"showParticleSystems":true},"in2DMode":false,"pivot":{"x":-18.405654907226564,"y":-12.765558242797852,"z":-0.24838323891162873},"rotation":{"x":0.16352438926696778,"y":-0.7207212448120117,"z":0.18165482580661775,"w":0.6487538814544678},"size":35.7027702331543,"orthographic":false}