{"cameraMode":{"drawMode":0,"name":"Shaded","section":"Shading Mode"},"sceneLighting":true,"audioPlay":false,"sceneViewState":{"showFog":true,"showMaterialUpdate":false,"showSkybox":true,"showFlares":true,"showImageEffects":true,"showParticleSystems":true},"in2DMode":false,"pivot":{"x":5.712426662445068,"y":31.281509399414064,"z":-56.65016555786133},"rotation":{"x":-0.3434904217720032,"y":0.042233869433403018,"z":-0.015518242493271828,"w":-0.9380930662155151},"size":4.357883930206299,"orthographic":false}