{"cameraMode":{"drawMode":0,"name":"Shaded","section":"Shading Mode"},"sceneLighting":true,"audioPlay":false,"sceneViewState":{"showFog":true,"showMaterialUpdate":false,"showSkybox":true,"showFlares":true,"showImageEffects":true,"showParticleSystems":true},"in2DMode":false,"pivot":{"x":-22.814111709594728,"y":-4.9286909103393559,"z":2.534050941467285},"rotation":{"x":0.09358632564544678,"y":-0.6354799866676331,"z":0.07796803116798401,"w":0.7624822854995728},"size":35.7027702331543,"orthographic":false}