{"cameraMode":{"drawMode":0,"name":"Shaded","section":"Shading Mode"},"sceneLighting":true,"audioPlay":false,"sceneViewState":{"showFog":true,"showMaterialUpdate":false,"showSkybox":true,"showFlares":true,"showImageEffects":true,"showParticleSystems":true},"in2DMode":false,"pivot":{"x":-1.6616027355194092,"y":-18.026063919067384,"z":-1.0781192779541016},"rotation":{"x":0.4946005344390869,"y":-0.5053999423980713,"z":0.49790725111961367,"w":0.5020865797996521},"size":35.7027702331543,"orthographic":false}