{"cameraMode":{"drawMode":0,"name":"Shaded","section":"Shading Mode"},"sceneLighting":true,"audioPlay":false,"sceneViewState":{"showFog":true,"showMaterialUpdate":false,"showSkybox":true,"showFlares":true,"showImageEffects":true,"showParticleSystems":true},"in2DMode":false,"pivot":{"x":-2.242490530014038,"y":13.47069263458252,"z":-31.764039993286134},"rotation":{"x":-0.01600094698369503,"y":-0.9821599125862122,"z":-0.15960003435611726,"w":0.09844360500574112},"size":35.7027702331543,"orthographic":false}